"water_chlorinated","n","freq"
"Do_not_know",4,0.0300751879699248
"no",109,0.819548872180451
"yes",20,0.150375939849624
