"water_chlorinated","n","freq"
"Do_not_know",4,0.0258064516129032
"no",115,0.741935483870968
"yes",36,0.232258064516129
