"","question","freq","percent","percentofcases"
"1","road",50,32.258064516129,83.3333333333333
"2","electrical",55,35.4838709677419,91.6666666666667
"3","water",35,22.5806451612903,58.3333333333333
"4","communication",15,9.67741935483871,25
"5","other",0,0,0
"6","Total",155,100,258.333333333333
