"mrk_supply_routes","n","freq"
"no",168,0.648648648648649
"yes",91,0.351351351351351
