mrk_increse_fuel_50,n,freq
no,64,0.229390681
yes,215,0.770609319
mrk_increse_fuel_100,,
no,169,0.605734767
yes,110,0.394265233
