"mrk_increse_water_50","n","freq","mrk_increse_water_100"
"no",66,0.236559139784946,NA
"yes",213,0.763440860215054,NA
NA,160,0.573476702508961,"no"
NA,119,0.426523297491039,"yes"
