"mrk_increse_water_50","n","freq","mrk_increse_water_100"
"no",92,0.355212355212355,NA
"yes",167,0.644787644787645,NA
NA,153,0.590733590733591,"no"
NA,106,0.409266409266409,"yes"
