"","type_owner","n","freq"
"1","Do_not_know",11,0.0585106382978723
"2","Private",163,0.867021276595745
"3","Public",14,0.074468085106383
