"type_owner","n","freq"
"Private",127,0.954887218045113
"Public",6,0.0451127819548872
