"type_owner","n","freq"
"Private",152,0.980645161290323
"Public",3,0.0193548387096774
